{"cameraMode":{"drawMode":0,"name":"Shaded","section":"Shading Mode"},"sceneLighting":true,"audioPlay":false,"sceneViewState":{"showFog":true,"showMaterialUpdate":false,"showSkybox":true,"showFlares":true,"showImageEffects":true,"showParticleSystems":true},"in2DMode":false,"pivot":{"x":-11.788700103759766,"y":-8.438438415527344,"z":-1.0092525482177735},"rotation":{"x":-0.20215190947055818,"y":0.7783706188201904,"z":-0.31043970584869387,"w":-0.5068586468696594},"size":21.033510208129884,"orthographic":false}