{"cameraMode":{"drawMode":0,"name":"Shaded","section":"Shading Mode"},"sceneLighting":true,"audioPlay":false,"sceneViewState":{"showFog":true,"showMaterialUpdate":false,"showSkybox":true,"showFlares":true,"showImageEffects":true,"showParticleSystems":true},"in2DMode":false,"pivot":{"x":337.0727844238281,"y":243.6669921875,"z":315.01763916015627},"rotation":{"x":-0.3251974880695343,"y":0.12989231944084168,"z":-0.04511101171374321,"w":-0.9356428980827332},"size":1.6173913478851319,"orthographic":false}