{"cameraMode":{"drawMode":0,"name":"Shaded","section":"Shading Mode"},"sceneLighting":true,"audioPlay":false,"sceneViewState":{"showFog":true,"showMaterialUpdate":false,"showSkybox":true,"showFlares":true,"showImageEffects":true,"showParticleSystems":true},"in2DMode":false,"pivot":{"x":-25.534135818481447,"y":-2.7975375652313234,"z":0.07002139091491699},"rotation":{"x":0.06159732863306999,"y":-0.7355136871337891,"z":0.06748832017183304,"w":0.6713154911994934},"size":14.077356338500977,"orthographic":false}