{"cameraMode":{"drawMode":0,"name":"Shaded","section":"Shading Mode"},"sceneLighting":true,"audioPlay":false,"sceneViewState":{"showFog":true,"showMaterialUpdate":false,"showSkybox":true,"showFlares":true,"showImageEffects":true,"showParticleSystems":true},"in2DMode":false,"pivot":{"x":18.038572311401368,"y":-1.675826072692871,"z":-20.3383846282959},"rotation":{"x":-0.10765492916107178,"y":0.8908000588417053,"z":-0.28289225697517397,"w":-0.33896684646606448},"size":9.541863441467286,"orthographic":false}