{"cameraMode":{"drawMode":0,"name":"Shaded","section":"Shading Mode"},"sceneLighting":false,"audioPlay":false,"sceneViewState":{"showFog":true,"showMaterialUpdate":false,"showSkybox":false,"showFlares":true,"showImageEffects":true,"showParticleSystems":true},"in2DMode":false,"pivot":{"x":466.1885681152344,"y":329.9264221191406,"z":610.585693359375},"rotation":{"x":0.01665511727333069,"y":-0.9833674430847168,"z":0.12906526029109956,"w":0.12701822817325593},"size":3.6597695350646974,"orthographic":false}