{"cameraMode":{"drawMode":0,"name":"Shaded","section":"Shading Mode"},"sceneLighting":true,"audioPlay":false,"sceneViewState":{"showFog":true,"showMaterialUpdate":false,"showSkybox":true,"showFlares":true,"showImageEffects":true,"showParticleSystems":true},"in2DMode":false,"pivot":{"x":11.270590782165528,"y":1.7606768608093262,"z":-6.872277736663818},"rotation":{"x":-0.0009064832120202482,"y":-0.9883230328559876,"z":0.005932295694947243,"w":-0.15239518880844117},"size":1.2247450351715088,"orthographic":false}