{"cameraMode":{"drawMode":0,"name":"Shaded","section":"Shading Mode"},"sceneLighting":true,"audioPlay":false,"sceneViewState":{"showFog":true,"showMaterialUpdate":false,"showSkybox":true,"showFlares":true,"showImageEffects":true,"showParticleSystems":true},"in2DMode":false,"pivot":{"x":-21.805583953857423,"y":-0.012959957122802735,"z":-19.470943450927736},"rotation":{"x":0.028668196871876718,"y":-0.964460551738739,"z":0.11776182055473328,"w":0.23478926718235017},"size":10.952751159667969,"orthographic":false}