{"cameraMode":{"drawMode":0,"name":"Shaded","section":"Shading Mode"},"sceneLighting":true,"audioPlay":false,"sceneViewState":{"showFog":true,"showMaterialUpdate":false,"showSkybox":true,"showFlares":true,"showImageEffects":true,"showParticleSystems":true},"in2DMode":false,"pivot":{"x":-55.04853057861328,"y":-39.54574203491211,"z":39.429874420166019},"rotation":{"x":0.2840476930141449,"y":-0.3176421523094177,"z":0.10034523159265518,"w":0.8990975022315979},"size":80.32035064697266,"orthographic":false}