{"cameraMode":{"drawMode":0,"name":"Shaded","section":"Shading Mode"},"sceneLighting":true,"audioPlay":false,"sceneViewState":{"showFog":true,"showMaterialUpdate":false,"showSkybox":true,"showFlares":true,"showImageEffects":true,"showParticleSystems":true},"in2DMode":false,"pivot":{"x":-32.83656311035156,"y":-2.5626654624938967,"z":-17.159547805786134},"rotation":{"x":-0.04974016919732094,"y":0.9009059071540833,"z":-0.1072540432214737,"w":-0.41765379905700686},"size":11.439966201782227,"orthographic":false}