{"cameraMode":{"drawMode":0,"name":"Shaded","section":"Shading Mode"},"sceneLighting":false,"audioPlay":false,"sceneViewState":{"showFog":true,"showMaterialUpdate":false,"showSkybox":false,"showFlares":true,"showImageEffects":true,"showParticleSystems":true},"in2DMode":false,"pivot":{"x":-8.390867233276368,"y":2.0509443283081056,"z":7.365199565887451},"rotation":{"x":0.0037519955076277258,"y":0.9861134886741638,"z":-0.16451552510261537,"w":0.022488538175821306},"size":0.14859482645988465,"orthographic":false}