{"cameraMode":{"drawMode":0,"name":"Shaded","section":"Shading Mode"},"sceneLighting":true,"audioPlay":false,"sceneViewState":{"showFog":true,"showMaterialUpdate":false,"showSkybox":true,"showFlares":true,"showImageEffects":true,"showParticleSystems":true},"in2DMode":false,"pivot":{"x":-16.8791561126709,"y":2.7205257415771486,"z":-11.154428482055664},"rotation":{"x":0.028668196871876718,"y":-0.964460551738739,"z":0.11776182055473328,"w":0.23478926718235017},"size":4.574695587158203,"orthographic":false}