{"cameraMode":{"drawMode":0,"name":"Shaded","section":"Shading Mode"},"sceneLighting":false,"audioPlay":false,"sceneViewState":{"showFog":true,"showMaterialUpdate":false,"showSkybox":false,"showFlares":true,"showImageEffects":true,"showParticleSystems":true},"in2DMode":false,"pivot":{"x":-37.57553482055664,"y":-119.79340362548828,"z":-820.2493286132813},"rotation":{"x":0.0016990568256005645,"y":-0.9969910383224487,"z":0.07372121512889862,"w":0.02304198034107685},"size":418.40728759765627,"orthographic":false}