{"cameraMode":{"drawMode":0,"name":"Shaded","section":"Shading Mode"},"sceneLighting":true,"audioPlay":false,"sceneViewState":{"showFog":true,"showMaterialUpdate":false,"showSkybox":true,"showFlares":true,"showImageEffects":true,"showParticleSystems":true},"in2DMode":false,"pivot":{"x":558.632080078125,"y":442.7137756347656,"z":50.11712646484375},"rotation":{"x":-0.20845356583595277,"y":-0.0117942588403821,"z":0.0025491949636489155,"w":-0.9780027270317078},"size":506.9076232910156,"orthographic":false}