{"cameraMode":{"drawMode":0,"name":"Shaded","section":"Shading Mode"},"sceneLighting":true,"audioPlay":false,"sceneViewState":{"showFog":true,"showMaterialUpdate":false,"showSkybox":true,"showFlares":true,"showImageEffects":true,"showParticleSystems":true},"in2DMode":false,"pivot":{"x":467.15289306640627,"y":327.9232177734375,"z":620.4492797851563},"rotation":{"x":-0.2690178453922272,"y":-0.30775776505470278,"z":0.09116910398006439,"w":-0.9081192016601563},"size":6.1152849197387699,"orthographic":false}