{"cameraMode":{"drawMode":0,"name":"Shaded","section":"Shading Mode"},"sceneLighting":true,"audioPlay":false,"sceneViewState":{"showFog":true,"showMaterialUpdate":false,"showSkybox":true,"showFlares":true,"showImageEffects":true,"showParticleSystems":true},"in2DMode":false,"pivot":{"x":-2.8979132175445558,"y":2.798490285873413,"z":2.725093126296997},"rotation":{"x":0.017770135775208474,"y":0.7867075204849243,"z":-0.022671330720186235,"w":0.6166400909423828},"size":1.2134017944335938,"orthographic":false}